"","gene","module","description","GO","uniprot","gene_name","description_Mt40"
"1","Medtr0041s0030.1",1,"Uncharacterized protein","GO:0003677,GO:0003682","tr|A0A072VD22|A0A072VD22_MEDTR","MTR_1g004930","hypothetical protein"
"2","Medtr0095s0120.1",2,"Uncharacterized protein","GO:0005515","tr|A0A072VE14|A0A072VE14_MEDTR","MTR_1g004950","hypothetical protein"
"3","Medtr0133s0030.1",3,"Uncharacterized protein","GO:0005524,GO:0005634,GO:0006355,GO:0016818","tr|A0A072VCD9|A0A072VCD9_MEDTR","MTR_1g004960","hypothetical protein"
"4","Medtr0256s0050.1",3,"Transmembrane protein, putative","GO:0005515,GO:0008270","tr|G7IB35|G7IB35_MEDTR","MTR_1g006530","hypothetical protein"
"5","Medtr0388s0020.1",2,"Uncharacterized protein","GO:0005515,GO:0008270","tr|A0A072VNI1|A0A072VNI1_MEDTR","MTR_1g004980","transmembrane protein, putative"
"6","Medtr0549s0020.1",1,"Casein kinase","GO:0005515,GO:0008270","tr|A0A072VDN0|A0A072VDN0_MEDTR","MTR_1g004990","hypothetical protein"
"7","Medtr1g006695.1",3,"Casein kinase","GO:0005515,GO:0008270","tr|A0A072VDN0|A0A072VDN0_MEDTR","MTR_1g004990","casein kinase"
"8","Medtr1g008980.1",1,"Major intrinsic protein (MIP) family transporter","GO:0005515,GO:0008270","tr|G7IB33|G7IB33_MEDTR","MTR_1g006490","casein kinase"
"9","Medtr1g009200.1",1,"Tonoplast intrinsic protein","GO:0005515,GO:0008270","tr|G7IB42|G7IB42_MEDTR","MTR_1g006590","major intrinsic protein (MIP) family transporter"
"10","Medtr1g010250.1",3,"Exostosin family protein","GO:0000166,GO:0008270,GO:0016491,GO:0016747,GO:0055114","tr|G7IB43|G7IB43_MEDTR","MTR_1g006600","tonoplast intrinsic protein"
"11","Medtr1g015620.1",0,"Uncharacterized protein","GO:0005515","tr|A0A072VD27|A0A072VD27_MEDTR","MTR_1g006605","exostosin family protein"
"12","Medtr1g017080.1",0,"AP2 domain class transcription factor","GO:0003824,GO:0005975","tr|G7IB48|G7IB48_MEDTR","MTR_1g006660","hypothetical protein"
"13","Medtr1g017140.1",3,"Transmembrane protein, putative","GO:0006952","tr|G7IB36|G7IB36_MEDTR","MTR_1g006540","AP2 domain class transcription factor"
"14","Medtr1g018840.1",1,"Nup85 nucleoporin protein","GO:0000287,GO:0015977,GO:0016984","tr|A0A072VE20|A0A072VE20_MEDTR","MTR_1g006690","transmembrane protein, putative"
"15","Medtr1g019970.1",1,"Nup85 nucleoporin protein","GO:0006952","tr|G7IB50|G7IB50_MEDTR","MTR_1g006690","Nup85 nucleoporin protein"
"16","Medtr1g025610.1",1,"E3 ubiquitin-protein ligase HERC2-like protein","GO:0006952","tr|A0A072VCE3|A0A072VCE3_MEDTR","MTR_1g006695","Nup85 nucleoporin protein"
"17","Medtr1g025850.1",0,"GATA transcription factor-like protein","GO:0003735,GO:0005622,GO:0005840,GO:0006412,GO:0019843","tr|G7IB47|G7IB47_MEDTR","MTR_1g006650","E3 ubiquitin-protein ligase HERC2-like protein"
"18","Medtr1g028380.1",7,"Uncharacterized protein","GO:0016020,GO:0055114","tr|G7IB46|G7IB46_MEDTR","MTR_1g006640","GATA transcription factor-like protein"
"19","Medtr1g029400.1",1,"Uncharacterized protein","GO:0008137,GO:0016020,GO:0016491,GO:0016651,GO:0051536,GO:0051539,GO:0055114","tr|G7IB45|G7IB45_MEDTR","MTR_1g006630","hypothetical protein"
"20","Medtr1g030290.1",7,"Uncharacterized protein","GO:0008137,GO:0042773,GO:0055114","tr|G7IB44|G7IB44_MEDTR","MTR_1g006620","hypothetical protein"
"21","Medtr1g030770.1",2,"Uncharacterized protein","GO:0008137,GO:0042773,GO:0055114","tr|G7I246|G7I246_MEDTR","MTR_1g006970","hypothetical protein"
"22","Medtr1g031540.1",0,"Disease resistance protein (CC-NBS-LRR class) family protein","GO:0003735,GO:0005622,GO:0005840,GO:0006412","tr|A0A072VNI6|A0A072VNI6_MEDTR","MTR_1g006975","hypothetical protein"
"23","Medtr1g032160.1",3,"Subtilisin-like serine endopeptidase family protein","GO:0003735,GO:0005622,GO:0005840,GO:0006412,GO:0015935","tr|G7I248|G7I248_MEDTR","MTR_1g006990","disease resistance protein (CC-NBS-LRR class) family protein"
"24","Medtr1g034450.1",3,"Uncharacterized protein","GO:0003735,GO:0005622,GO:0005840,GO:0006412,GO:0015935","tr|A0A072VDN7|A0A072VDN7_MEDTR","MTR_1g007017","subtilisin-like serine endopeptidase family protein"
"25","Medtr1g035250.1",0,"DUF4283 domain protein","GO:0000166,GO:0003735,GO:0005622,GO:0005840,GO:0006412","tr|G7I250|G7I250_MEDTR","MTR_1g007020","hypothetical protein"
"26","Medtr1g038430.1",7,"Subtilisin-like serine endopeptidase family protein","GO:0003723,GO:0003735,GO:0005622,GO:0005840,GO:0006412,GO:0015934,GO:0015935,GO:0016740","tr|G7I251|G7I251_MEDTR","MTR_1g007030","DUF4283 domain protein"
"27","Medtr1g046250.1",0,"Exosome complex exonuclease RRP46","GO:0009523,GO:0009772,GO:0016020,GO:0019684,GO:0030076,GO:0045156","tr|G7I253|G7I253_MEDTR","MTR_1g007060","subtilisin-like serine endopeptidase family protein"
"28","Medtr1g050230.1",0,"Exosome complex exonuclease RRP46","GO:0009521,GO:0009523,GO:0009772,GO:0015979,GO:0016020,GO:0016168,GO:0019684,GO:0030076,GO:0045156","tr|A0A072VD32|A0A072VD32_MEDTR","MTR_1g007060","hypothetical protein"
"29","Medtr1g050550.1",2,"Inosine-uridine preferring nucleoside hydrolase","GO:0003677,GO:0003899,GO:0006351","tr|G7I258|G7I258_MEDTR","MTR_1g007110","exosome complex exonuclease RRP46"
"30","Medtr1g052640.1",3,"Thioredoxin-related transmembrane protein, putative","GO:0003735,GO:0005622,GO:0005840,GO:0006412,GO:0015078,GO:0015935,GO:0015986,GO:0045263","tr|G7I259|G7I259_MEDTR","MTR_1g007120","exosome complex exonuclease RRP46"
"31","Medtr1g057460.1",2,"Casein kinase I-like protein","GO:0015078,GO:0015986,GO:0015991,GO:0033177,GO:0045263","tr|G7I261|G7I261_MEDTR","MTR_1g007150","inosine-uridine preferring nucleoside hydrolase"
"32","Medtr1g061170.1",7,"Uncharacterized protein","GO:0005524,GO:0015986,GO:0015991,GO:0016820,GO:0033178,GO:0045261,GO:0046933,GO:0046961","tr|A0A072VE25|A0A072VE25_MEDTR","MTR_1g007157","thioredoxin-related transmembrane protein, putative"
"33","Medtr1g063120.1",3,"ATP-dependent protease LA (Lon) domain protein","GO:0009522,GO:0009579,GO:0015979,GO:0016021,GO:0046872","tr|G7I262|G7I262_MEDTR","MTR_1g007160","casein kinase I-like protein"
"34","Medtr1g063170.1",0,"ATP-dependent protease LA (Lon) domain protein","GO:0003723,GO:0003735,GO:0005622,GO:0006412,GO:0015935,GO:0019843","tr|G7I262|G7I262_MEDTR","MTR_1g007160","hypothetical protein"
"35","Medtr1g067220.1",3,"Phosphoribosylglycinamide formyltransferase","GO:0008137,GO:0016651,GO:0048038,GO:0051539,GO:0055114","tr|G7I264|G7I264_MEDTR","MTR_1g007170","hypothetical protein"
"36","Medtr1g072780.1",1,"Transmembrane amino acid transporter family protein","GO:0000166,GO:0005524,GO:0015986,GO:0015991,GO:0016820,GO:0017111,GO:0033178,GO:0045261,GO:0046933,GO:0046961","tr|A0A072VCE9|A0A072VCE9_MEDTR","MTR_1g007180","ATP-dependent protease LA (lon) domain protein"
"37","Medtr1g075260.1",3,"Transmembrane amino acid transporter family protein","GO:0000287,GO:0015977,GO:0016984","tr|G7I265|G7I265_MEDTR","MTR_1g007180","ATP-dependent protease LA (lon) domain protein"
"38","Medtr1g076370.1",7,"Transmembrane amino acid transporter family protein","GO:0009522,GO:0009579,GO:0015979,GO:0016021","tr|G7I266|G7I266_MEDTR","MTR_1g007190","hypothetical protein"
"39","Medtr1g077540.1",1,"Transmembrane protein, putative","GO:0005506,GO:0009055,GO:0015979,GO:0020037,GO:0031361","tr|A0A072VNJ1|A0A072VNJ1_MEDTR","MTR_1g007195","phosphoribosylglycinamide formyltransferase"
"40","Medtr1g077840.1",1,"DUF295 family protein","GO:0009523,GO:0009539,GO:0009767,GO:0015979,GO:0016021,GO:0019684,GO:0020037,GO:0030096","tr|G7I267|G7I267_MEDTR","MTR_1g007200","transmembrane amino acid transporter family protein"
"41","Medtr1g080030.1",1,"DUF295 family protein","GO:0004252,GO:0006508","tr|G7I268|G7I268_MEDTR","MTR_1g007220","transmembrane amino acid transporter family protein"
"42","Medtr1g080210.1",2,"F-box protein, putative","GO:0009523,GO:0015979,GO:0016168","tr|G7I269|G7I269_MEDTR","MTR_1g007230","transmembrane amino acid transporter family protein"
"43","Medtr1g083070.1",3,"Transmembrane amino acid transporter family protein","GO:0009055,GO:0009767,GO:0016020,GO:0016491,GO:0022904,GO:0042651,GO:0045156","tr|G7I270|G7I270_MEDTR","MTR_1g007240","transmembrane protein, putative"
"44","Medtr1g083620.1",0,"DUF295 family protein","GO:0003677,GO:0003735,GO:0003899,GO:0005622,GO:0005840,GO:0006351,GO:0006412,GO:0046983","tr|G7I271|G7I271_MEDTR","MTR_1g007250","DUF295 family protein"
"45","Medtr1g084790.1",7,"F-box protein","GO:0003723,GO:0003743,GO:0006413","tr|G7I272|G7I272_MEDTR","MTR_1g007260","DUF295 family protein"
"46","Medtr1g086390.1",14,"Transmembrane amino acid transporter family protein","GO:0003735,GO:0005622,GO:0005840,GO:0006412,GO:0015934,GO:0019843","tr|G7I273|G7I273_MEDTR","MTR_1g007270","F-box protein, putative"
"47","Medtr1g087200.1",0,"Uncharacterized protein","GO:0003723,GO:0003735,GO:0005622,GO:0005840,GO:0006412,GO:0015935","tr|G7I274|G7I274_MEDTR","MTR_1g007280","transmembrane amino acid transporter family protein"
"48","Medtr1g087240.1",3,"Uncharacterized protein","GO:0003723,GO:0003735,GO:0005622,GO:0005840,GO:0006412,GO:0015934,GO:0015935,GO:0016740","tr|G7I275|G7I275_MEDTR","MTR_1g007290","DUF295 family protein"
"49","Medtr1g088860.1",2,"Disease resistance protein (TIR-NBS-LRR class)","GO:0008152,GO:0016491,GO:0055114","tr|G7I276|G7I276_MEDTR","MTR_1g007300","F-box protein"
"50","Medtr1g093630.1",3,"Transmembrane protein, putative","GO:0003824,GO:0006099,GO:0008964,GO:0015977","tr|G7I277|G7I277_MEDTR","MTR_1g007310","transmembrane amino acid transporter family protein"
"51","Medtr1g107490.1",7,"Haloacid dehalogenase-like hydrolase","GO:0003824,GO:0004553,GO:0005975","tr|G7I278|G7I278_MEDTR","MTR_1g007320","hypothetical protein"
"52","Medtr1g484940.1",1,"Haloacid dehalogenase-like hydrolase","GO:0003723,GO:0033897","tr|A0A072VDP4|A0A072VDP4_MEDTR","MTR_1g007320","hypothetical protein"
"53","Medtr2g005810.1",3,"Haloacid dehalogenase-like hydrolase","GO:0003700,GO:0006355,GO:0043565","tr|G7I278|G7I278_MEDTR","MTR_1g007320","disease resistance protein (TIR-NBS-LRR class)"
"54","Medtr2g005870.1",7,"Tyrosine-tRNA ligase-like protein","GO:0000166,GO:0005515,GO:0006952,GO:0007165,GO:0017111","tr|A0A072VD37|A0A072VD37_MEDTR","MTR_1g007325","transmembrane protein, putative"
"55","Medtr2g006020.1",0,"Tyrosine-tRNA ligase-like protein","GO:0005515,GO:0005524,GO:0005694,GO:0051276","tr|G7I280|G7I280_MEDTR","MTR_1g007340","haloacid dehalogenase-like hydrolase"
"56","Medtr2g006880.1",1,"Transmembrane protein, putative","GO:0005337,GO:0006810,GO:0016021","tr|A0A072VE31|A0A072VE31_MEDTR","MTR_1g007345","haloacid dehalogenase-like hydrolase"
"57","Medtr2g009110.2",1,"Early nodulin 93","GO:0000166,GO:0005737,GO:0006914","tr|G7I281|G7I281_MEDTR","MTR_1g007360","haloacid dehalogenase-like hydrolase"
"58","Medtr2g009660.1",1,"RNA polymerase sigma factor","GO:0004185,GO:0006508","tr|A0A072VCF5|A0A072VCF5_MEDTR","MTR_1g007370","tyrosine-tRNA ligase-like protein"
"59","Medtr2g009690.1",1,"RNA polymerase sigma factor","GO:0004185,GO:0006508","tr|G7I282|G7I282_MEDTR","MTR_1g007370","tyrosine-tRNA ligase-like protein"
"60","Medtr2g012440.1",3,"Transmembrane amino acid transporter family protein","GO:0003677,GO:0003700,GO:0005634,GO:0006355,GO:0046983","tr|G7I283|G7I283_MEDTR","MTR_1g007380","transmembrane protein, putative"
"61","Medtr2g012630.1",1,"Uncharacterized protein","GO:0005488","tr|A0A072VNJ5|A0A072VNJ5_MEDTR","MTR_1g007385","early nodulin 93"
"62","Medtr2g013900.1",1,"Auxin-independent growth promoter-like protein","GO:0004014,GO:0008295","tr|G7I284|G7I284_MEDTR","MTR_1g007390","RNA polymerase sigma factor"
"63","Medtr2g014210.1",1,"Uncharacterized protein","GO:0004746,GO:0009231,GO:0016491,GO:0055114","tr|G7I286|G7I286_MEDTR","MTR_1g007400","RNA polymerase sigma factor"
"64","Medtr2g014420.1",0,"F-box protein interaction domain protein","GO:0004091","tr|G7I287|G7I287_MEDTR","MTR_1g007410","transmembrane amino acid transporter family protein"
"65","Medtr2g015690.1",3,"Serine esterase family protein, putative","GO:0003824,GO:0016614,GO:0050660,GO:0055114","tr|A0A072VDP9|A0A072VDP9_MEDTR","MTR_1g007420","hypothetical protein"
"66","Medtr2g016710.1",3,"F-box protein interaction domain protein","GO:0005515,GO:0006952,GO:0007165","tr|G7I288|G7I288_MEDTR","MTR_1g007430","auxin-independent growth promoter-like protein"
"67","Medtr2g020850.1",3,"Alkaline-phosphatase family protein, putative","GO:0000166,GO:0003676,GO:0008270","tr|G7I289|G7I289_MEDTR","MTR_1g007440","hypothetical protein"
"68","Medtr2g023680.2",3,"F-box protein interaction domain protein","GO:0005388,GO:0005524,GO:0006812,GO:0016020,GO:0016021,GO:0019829,GO:0070588","tr|G7I290|G7I290_MEDTR","MTR_1g007450","F-box protein interaction domain protein"
"69","Medtr2g026715.1",1,"Uncharacterized protein","GO:0003824,GO:0005975","tr|G7I291|G7I291_MEDTR","MTR_1g007460","serine esterase family protein, putative"
"70","Medtr2g027360.1",1,"Ribosomal protein L28","GO:0006952","tr|G7I293|G7I293_MEDTR","MTR_1g007480","F-box protein interaction domain protein"
"71","Medtr2g028940.1",3,"Ribosomal protein L28","GO:0000166,GO:0006952,GO:0017111","tr|G7I293|G7I293_MEDTR","MTR_1g007480","alkaline-phosphatase family protein, putative"
"72","Medtr2g030630.1",1,"Uncharacterized protein","GO:0006952","tr|G7I294|G7I294_MEDTR","MTR_1g007490","F-box protein interaction domain protein"
"73","Medtr2g036560.1",1,"DNA polymerase theta-like protein","GO:0000166,GO:0006952,GO:0017111","tr|G7I3C9|G7I3C9_MEDTR","MTR_1g007510","hypothetical protein"
"74","Medtr2g036670.1",3,"Dehydration-responsive protein RD22","GO:0000166,GO:0006952,GO:0017111","tr|G7I3D0|G7I3D0_MEDTR","MTR_1g007520","ribosomal protein L28"
"75","Medtr2g045780.1",3,"Transmembrane protein, putative","GO:0004672,GO:0004674,GO:0004713,GO:0005524,GO:0006468,GO:0016772","tr|G7I3D1|G7I3D1_MEDTR","MTR_1g007530","ribosomal protein L28"
"76","Medtr2g064310.1",2,"OPT family oligopeptide transporter","GO:0000166,GO:0005515,GO:0006952,GO:0007165,GO:0017111","tr|G7I3D2|G7I3D2_MEDTR","MTR_1g007540","hypothetical protein"
"77","Medtr2g064415.1",14,"OPT family oligopeptide transporter","GO:0000166,GO:0006952,GO:0017111","tr|G7I3D5|G7I3D5_MEDTR","MTR_1g007580","DNA polymerase theta-like protein"
"78","Medtr2g078120.1",0,"Rab GTPase activator","GO:0005515,GO:0006952,GO:0007165","tr|G7I3D7|G7I3D7_MEDTR","MTR_1g007590","dehydration-responsive protein RD22"
"79","Medtr2g086530.1",3,"Rab GTPase activator","GO:0005515,GO:0006952,GO:0007165","tr|G7I3D6|G7I3D6_MEDTR","MTR_1g007590","transmembrane protein, putative"
"80","Medtr2g087230.1",3,"Pentatricopeptide (PPR) repeat protein","GO:0016772","tr|G7I3D9|G7I3D9_MEDTR","MTR_1g007600","OPT family oligopeptide transporter"
"81","Medtr2g088430.1",1,"Pentatricopeptide (PPR) repeat protein","GO:0046983","tr|G7I3E0|G7I3E0_MEDTR","MTR_1g007610","OPT family oligopeptide transporter"
"82","Medtr2g089290.1",14,"Uncharacterized protein","GO:0046983","tr|G7I3E1|G7I3E1_MEDTR","MTR_1g007620","Rab GTPase activator"
"83","Medtr2g090675.1",3,"TLC ATP/ADP transporter","GO:0046983","tr|A0A072VDQ6|A0A072VDQ6_MEDTR","MTR_1g007630","Rab GTPase activator"
"84","Medtr2g100280.1",1,"TLC ATP/ADP transporter","GO:0004672,GO:0004674,GO:0004713,GO:0005524,GO:0006468,GO:0016772","tr|A0A072VE36|A0A072VE36_MEDTR","MTR_1g007630","pentatricopeptide (PPR) repeat protein"
"85","Medtr2g100500.1",0,"TLC ATP/ADP transporter","GO:0005576","tr|G7I3E2|G7I3E2_MEDTR","MTR_1g007630","pentatricopeptide (PPR) repeat protein"
"86","Medtr2g102243.1",2,"TLC ATP/ADP transporter","GO:0005337,GO:0006810,GO:0016021","tr|A0A072VD41|A0A072VD41_MEDTR","MTR_1g007630","hypothetical protein"
"87","Medtr2g436560.1",14,"TLC ATP/ADP transporter","GO:0006508,GO:0008234","tr|A0A072VCG0|A0A072VCG0_MEDTR","MTR_1g007630","TLC ATP/ADP transporter"
"88","Medtr2g437130.1",14,"TLC ATP/ADP transporter","GO:0003677,GO:0003682","tr|A0A072VNK1|A0A072VNK1_MEDTR","MTR_1g007630","TLC ATP/ADP transporter"
"89","Medtr2g437370.2",1,"Appr-1-P processing enzyme family protein","GO:0003677,GO:0003682","tr|G7I3E3|G7I3E3_MEDTR","MTR_1g007640","TLC ATP/ADP transporter"
"90","Medtr2g437960.1",1,"Uncharacterized protein","GO:0003677,GO:0003682","tr|G7I3E4|G7I3E4_MEDTR","MTR_1g007650","TLC ATP/ADP transporter"
"91","Medtr2g445210.1",0,"Histone-lysine N-methyltransferase ATXR6-like protein","GO:0016491,GO:0016706,GO:0055114","tr|G7I3E6|G7I3E6_MEDTR","MTR_1g007670","TLC ATP/ADP transporter"
"92","Medtr3g009160.1",1,"Histone-lysine N-methyltransferase ATXR5, putative","GO:0016491,GO:0016706,GO:0055114","tr|G7I3E8|G7I3E8_MEDTR","MTR_1g007690","TLC ATP/ADP transporter"
"93","Medtr3g010870.1",3,"Histone-lysine N-methyltransferase ATXR6, putative","GO:0016491,GO:0016706,GO:0055114","tr|G7I3E9|G7I3E9_MEDTR","MTR_1g007700","appr-1-P processing enzyme family protein"
"94","Medtr3g011840.1",0,"Transmembrane protein, putative","GO:0016491,GO:0016706,GO:0055114","tr|G7ZWD2|G7ZWD2_MEDTR","MTR_1g007710","hypothetical protein"
"95","Medtr3g012240.1",1,"Transducin/WD40 repeat protein","GO:0016491,GO:0016706,GO:0055114","tr|G7ZWE5|G7ZWE5_MEDTR","MTR_1g007740","histone-lysine N-methyltransferase ATXR6-like protein"
"96","Medtr3g020470.1",1,"Enoyl-(Acyl carrier) reductase","GO:0016491,GO:0016706,GO:0055114","tr|G7I3F7|G7I3F7_MEDTR","MTR_1g007800","histone-lysine N-methyltransferase ATXR5, putative"
"97","Medtr3g023200.1",0,"Glycoside hydrolase family 17 protein","GO:0016491,GO:0016706,GO:0055114","tr|G7I3F8|G7I3F8_MEDTR","MTR_1g007810","histone-lysine N-methyltransferase ATXR6, putative"
"98","Medtr3g033000.1",0,"Calcium-binding EF-hand protein","GO:0016491,GO:0016706,GO:0055114","tr|G7I3F9|G7I3F9_MEDTR","MTR_1g007830","transmembrane protein, putative"
"99","Medtr3g049150.1",7,"Transmembrane protein, putative","GO:0016491,GO:0016706,GO:0055114","tr|G7I3G0|G7I3G0_MEDTR","MTR_1g007840","transducin/WD40 repeat protein"
"100","Medtr3g055120.1",3,"Transmembrane protein, putative","GO:0003824,GO:0006281","tr|G7I3G0|G7I3G0_MEDTR","MTR_1g007840","enoyl-(acyl carrier) reductase"
"101","Medtr3g062340.1",2,"Photosystem II reaction center protein H","GO:0003824,GO:0006281","tr|G7I3G3|G7I3G3_MEDTR","MTR_1g007850","glycoside hydrolase family 17 protein"
"102","Medtr3g064090.1",3,"Alpha/beta fold hydrolase","GO:0005215,GO:0006810,GO:0016020,GO:0022891,GO:0055085","tr|G7I3G4|G7I3G4_MEDTR","MTR_1g007860","calcium-binding EF-hand protein"
"103","Medtr3g064110.1",1,"Transcription factor Pcc1","GO:0005524,GO:0006457,GO:0006950,GO:0051082","tr|B7FN15|B7FN15_MEDTR","MTR_1g007870","transmembrane protein, putative"
"104","Medtr3g065350.1",1,"Transcription factor Pcc1","GO:0016491,GO:0016706,GO:0055114","tr|B7FN15|B7FN15_MEDTR","MTR_1g007870","transmembrane protein, putative"
"105","Medtr3g065380.1",3,"Transcription factor Pcc1","GO:0016491,GO:0016706,GO:0055114","tr|B7FN15|B7FN15_MEDTR","MTR_1g007870","photosystem II reaction center protein H"
"106","Medtr3g068030.1",14,"ABIL1-like protein","GO:0016491,GO:0016706,GO:0055114","tr|A0A072VD45|A0A072VD45_MEDTR","MTR_1g007880","alpha/beta fold hydrolase"
"107","Medtr3g072710.1",2,"ABIL1-like protein","GO:0005515,GO:0008270","tr|G7I3G8|G7I3G8_MEDTR","MTR_1g007880","transcription factor Pcc1"
"108","Medtr3g072800.1",3,"Uncharacterized protein","GO:0005488,GO:0005643,GO:0006886,GO:0008565","tr|A0A072VE41|A0A072VE41_MEDTR","MTR_1g007905","transcription factor Pcc1"
"109","Medtr3g073000.1",14,"IQ calmodulin-binding motif protein","GO:0046983","tr|A0A072VCG7|A0A072VCG7_MEDTR","MTR_1g007920","transcription factor Pcc1"
"110","Medtr3g075240.1",1,"IQ calmodulin-binding motif protein","GO:0046983","tr|G7I3H1|G7I3H1_MEDTR","MTR_1g007920","ABIL1-like protein"
"111","Medtr3g076540.1",14,"Transmembrane protein, putative","GO:0000166,GO:0016491,GO:0016747","tr|G7I3H2|G7I3H2_MEDTR","MTR_1g007930","ABIL1-like protein"
"112","Medtr3g076970.1",7,"Gamma-irradiation and mitomycin C induced protein, putative","GO:0003723,GO:0005730,GO:0030529,GO:0042254","tr|G7I3H4|G7I3H4_MEDTR","MTR_1g007950","hypothetical protein"
"113","Medtr3g077670.1",3,"Gamma-irradiation and mitomycin C induced protein","GO:0008380","tr|G7I3H5|G7I3H5_MEDTR","MTR_1g007990","IQ calmodulin-binding motif protein"
"114","Medtr3g079620.1",2,"F-box associated protein","GO:0005515,GO:0006952,GO:0007165","tr|G7I3H6|G7I3H6_MEDTR","MTR_1g008000","IQ calmodulin-binding motif protein"
"115","Medtr3g083970.1",0,"ATP-binding protein","GO:0005515,GO:0006952,GO:0007165","tr|G7I3H7|G7I3H7_MEDTR","MTR_1g008010","transmembrane protein, putative"
"116","Medtr3g084030.1",1,"PPR superfamily protein","GO:0005515,GO:0006952,GO:0007165","tr|G7I3H9|G7I3H9_MEDTR","MTR_1g008030","gamma-irradiation and mitomycin C induced protein, putative"
"117","Medtr3g084410.1",7,"Gamma-irradiation and mitomycin C induced protein, putative","GO:0004869","tr|G7I3I1|G7I3I1_MEDTR","MTR_1g008050","gamma-irradiation and mitomycin C induced protein"
"118","Medtr3g084720.1",0,"ENBP1 protein","GO:0005515","tr|O82022|O82022_MEDTR","ENBP1","F-box associated protein"
"119","Medtr3g085550.1",14,"ENBP1 protein","GO:0016866","tr|O82022|O82022_MEDTR","ENBP1","ATP-binding; nucleic acid-binding; helicase, putative"
"120","Medtr3g086700.1",1,"Transcription factor jumonji (JmjC) domain protein, putative","GO:0005515","tr|A0A072VNK8|A0A072VNK8_MEDTR","MTR_1g008060","PPR superfamily protein"
"121","Medtr3g088870.1",0,"Uncharacterized protein","GO:0005515","tr|G7I3I3|G7I3I3_MEDTR","MTR_1g008070","gamma-irradiation and mitomycin C induced protein, putative"
"122","Medtr3g090530.1",3,"Uncharacterized protein","GO:0005515","tr|G7I4A1|G7I4A1_MEDTR","MTR_1g008090","transcription factor jumonji (JmjC) domain protein, putative"
"123","Medtr3g091310.1",1,"E3 ubiquitin-protein ligase","GO:0004672,GO:0004674,GO:0004713,GO:0005524,GO:0006468,GO:0016772","tr|A8W460|A8W460_MEDTR","MTR_1g008120","transcription factor jumonji (JmjC) domain protein, putative"
"124","Medtr3g092220.1",3,"Pectinesterase","GO:0004672,GO:0004674,GO:0004713,GO:0005524,GO:0006468,GO:0016772","tr|G7I4A4|G7I4A4_MEDTR","MTR_1g008140","transcription factor jumonji (JmjC) domain protein, putative"
"125","Medtr3g092900.1",2,"O-acyltransferase (WSD1-like) family protein","GO:0004672,GO:0004674,GO:0004713,GO:0005524,GO:0006468,GO:0016772","tr|A0A072VCH3|A0A072VCH3_MEDTR","MTR_1g008160","hypothetical protein"
"126","Medtr3g094840.1",7,"O-acyltransferase (WSD1-like) family protein","GO:0005524","tr|A0A072VCH3|A0A072VCH3_MEDTR","MTR_1g008160","hypothetical protein"
"127","Medtr3g095100.1",1,"O-acyltransferase (WSD1-like) family protein","GO:0005524","tr|G7I4A5|G7I4A5_MEDTR","MTR_1g008160","ubiquitin ligase SINAT3"
"128","Medtr3g099010.1",2,"O-acyltransferase (WSD1-like) family protein","GO:0003824,GO:0004722,GO:0006470","tr|A0A072VD50|A0A072VD50_MEDTR","MTR_1g008160","pectinesterase/pectinesterase inhibitor"
"129","Medtr3g104550.1",7,"O-acyltransferase (WSD1-like) family protein","GO:0003824","tr|A0A072VE45|A0A072VE45_MEDTR","MTR_1g008160","O-acyltransferase (WSD1-like) family protein"
"130","Medtr3g107360.1",3,"O-acyltransferase (WSD1-like) family protein","GO:0000166","tr|A0A072VDR1|A0A072VDR1_MEDTR","MTR_1g008160","O-acyltransferase (WSD1-like) family protein"
"131","Medtr3g108640.1",0,"O-acyltransferase (WSD1-like) family protein","GO:0008168","tr|A0A072VNL3|A0A072VNL3_MEDTR","MTR_1g008160","O-acyltransferase (WSD1-like) family protein"
"132","Medtr3g109040.1",1,"Nuclear movement family protein","GO:0005515","tr|G7I4A6|G7I4A6_MEDTR","MTR_1g008170","O-acyltransferase (WSD1-like) family protein"
"133","Medtr3g109800.1",3,"Transmembrane protein, putative","GO:0005515","tr|G7I4A7|G7I4A7_MEDTR","MTR_1g008180","O-acyltransferase (WSD1-like) family protein"
"134","Medtr3g110160.1",14,"Nuclear movement family protein","GO:0005515","tr|A0A072VDR8|A0A072VDR8_MEDTR","MTR_1g008195","O-acyltransferase (WSD1-like) family protein"
"135","Medtr3g111360.1",2,"Nuclear movement family protein","GO:0005515","tr|G7I4A8|G7I4A8_MEDTR","MTR_1g008200","O-acyltransferase (WSD1-like) family protein"
"136","Medtr3g112150.1",3,"CCT motif protein","GO:0005515","tr|A0A072VD58|A0A072VD58_MEDTR","MTR_1g008220","nuclear movement family protein"
"137","Medtr3g113870.1",7,"CCT motif protein","GO:0004970,GO:0005234,GO:0016020","tr|G7I4B0|G7I4B0_MEDTR","MTR_1g008220","transmembrane protein, putative"
"138","Medtr3g117800.1",0,"Histone-lysine N-methyltransferase","GO:0004970,GO:0005234,GO:0016020","tr|G7I4B1|G7I4B1_MEDTR","MTR_1g008230","nuclear movement family protein"
"139","Medtr3g435150.1",0,"Histone-lysine N-methyltransferase","GO:0004970,GO:0005234,GO:0016020","tr|A0A072VE51|A0A072VE51_MEDTR","MTR_1g008230","nuclear movement family protein"
"140","Medtr3g437580.2",0,"NB-ARC domain disease resistance protein","GO:0006099,GO:0009055,GO:0016491,GO:0051536,GO:0051537,GO:0055114","tr|G7I4B2|G7I4B2_MEDTR","MTR_1g008240","CCT motif protein"
"141","Medtr3g464150.1",2,"Histone-lysine N-methyltransferase ATX3","GO:0000166,GO:0005524,GO:0006810,GO:0016021,GO:0016887,GO:0017111,GO:0042626,GO:0055085","tr|G7I4B3|G7I4B3_MEDTR","MTR_1g008250","CCT motif protein"
"142","Medtr4g005220.1",0,"Signal peptide peptidase-like protein","GO:0000166,GO:0005524,GO:0006810,GO:0016021,GO:0016887,GO:0017111,GO:0042626,GO:0055085","tr|G7I4B6|G7I4B6_MEDTR","MTR_1g008280","histone-lysine N-methyltransferase ATX3"
"143","Medtr4g006210.1",0,"Signal peptide peptidase-like protein","GO:0000166,GO:0005524,GO:0006810,GO:0016021,GO:0016887,GO:0017111,GO:0042626,GO:0055085","tr|G7I4B7|G7I4B7_MEDTR","MTR_1g008280","histone-lysine N-methyltransferase ATX3"
"144","Medtr4g010140.1",7,"Signal peptide peptidase-like protein","GO:0000166,GO:0005524,GO:0006810,GO:0016021,GO:0016887,GO:0017111,GO:0042626,GO:0055085","tr|A0A072VCH8|A0A072VCH8_MEDTR","MTR_1g008280","NB-ARC domain disease resistance protein"
"145","Medtr4g013335.1",2,"FAR-RED impaired response-like protein","GO:0000166,GO:0005524,GO:0006810,GO:0016021,GO:0016887,GO:0017111,GO:0042626,GO:0055085","tr|G7I4B8|G7I4B8_MEDTR","MTR_1g008290","histone-lysine N-methyltransferase ATX3"
"146","Medtr4g017730.1",0,"Rhomboid protease YdcA-like protein, putative","GO:0005515","tr|G7I4B9|G7I4B9_MEDTR","MTR_1g008300","signal peptide peptidase-like protein"
"147","Medtr4g021490.1",1,"PPR containing plant-like protein","GO:0005515,GO:0006952,GO:0007165","tr|G7I4C0|G7I4C0_MEDTR","MTR_1g008310","signal peptide peptidase-like protein"
"148","Medtr4g022460.1",3,"Transmembrane protein, putative","GO:0003677,GO:0003899,GO:0006351,GO:0030880","tr|G7I4C2|G7I4C2_MEDTR","MTR_1g008330","signal peptide peptidase-like protein"
"149","Medtr4g029730.1",7,"Uncharacterized protein","GO:0005515","tr|G7I4C3|G7I4C3_MEDTR","MTR_1g008340","FAR-RED impaired response-like protein"
"150","Medtr4g037515.1",14,"Peroxisomal membrane 22 kDa (Mpv17/PMP22) family protein","GO:0005515","tr|G7I4C4|G7I4C4_MEDTR","MTR_1g008350","rhomboid protease YdcA-like protein, putative"
"151","Medtr4g044110.1",0,"PPR containing plant-like protein","GO:0005515","tr|G7I4C5|G7I4C5_MEDTR","MTR_1g008360","PPR containing plant-like protein"
"152","Medtr4g053630.1",2,"Diphthamide biosynthesis protein","GO:0003677,GO:0005634","tr|G7I4C6|G7I4C6_MEDTR","MTR_1g008370","transmembrane protein, putative"
"153","Medtr4g055130.1",3,"Flavin-containing monooxygenase","GO:0003677,GO:0005634,GO:0008270","tr|G7I4C7|G7I4C7_MEDTR","MTR_1g008380","hypothetical protein"
"154","Medtr4g055990.1",14,"Uncharacterized protein","GO:0003677,GO:0005634","tr|G7I4C8|G7I4C8_MEDTR","MTR_1g008400","peroxisomal membrane 22 kDa (Mpv17/PMP22) family protein"
"155","Medtr4g060460.1",2,"BURP domain protein","GO:0003700,GO:0005634,GO:0006355,GO:0043565","tr|G7I4C9|G7I4C9_MEDTR","MTR_1g008420","PPR containing plant-like protein"
"156","Medtr4g060780.1",7,"Dehydration-responsive protein RD22","GO:0005515","tr|G7I4D1|G7I4D1_MEDTR","MTR_1g008450","diphthamide biosynthesis protein"
"157","Medtr4g067310.1",1,"Dehydration-responsive protein RD22","GO:0005515,GO:0008270","tr|G7I4D2|G7I4D2_MEDTR","MTR_1g008460","indole-3-pyruvate monooxygenase"
"158","Medtr4g067340.1",0,"Dehydration-responsive protein RD22","GO:0005515,GO:0008270","tr|G7I4D3|G7I4D3_MEDTR","MTR_1g008470","hypothetical protein"
"159","Medtr4g069500.1",0,"Dehydration-responsive protein RD22","GO:0005515,GO:0008270","tr|G7I4D4|G7I4D4_MEDTR","MTR_1g008500","BURP domain protein"
"160","Medtr4g070950.1",2,"Dehydration-responsive protein RD22","GO:0005515,GO:0008270","tr|G7I4D5|G7I4D5_MEDTR","MTR_1g008510","dehydration-responsive protein RD22"
"161","Medtr4g070970.1",2,"Dehydration-responsive RD22-like protein","GO:0003677,GO:0006355","tr|G7I4D7|G7I4D7_MEDTR","MTR_1g008530","dehydration-responsive protein RD22"
"162","Medtr4g077100.1",14,"Dehydration-responsive protein RD22","GO:0000287,GO:0004012,GO:0005524,GO:0006812,GO:0015914,GO:0016021,GO:0019829","tr|G7I4D9|G7I4D9_MEDTR","MTR_1g008560","dehydration-responsive protein RD22"
"163","Medtr4g078765.1",1,"Transmembrane protein, putative","GO:0005506,GO:0009055,GO:0016705,GO:0020037,GO:0055114","tr|A0A072VNL9|A0A072VNL9_MEDTR","MTR_1g008575","dehydration-responsive protein RD22"
"164","Medtr4g080797.1",14,"Dehydration-responsive RD22-like protein","GO:0000166,GO:0003676","tr|G7I4E1|G7I4E1_MEDTR","MTR_1g008580","dehydration-responsive protein RD22"
"165","Medtr4g081230.1",0,"Dehydration-responsive protein RD22","GO:0000166,GO:0003676","tr|B7FI52|B7FI52_MEDTR","MTR_1g008590","dehydration-responsive RD22-like protein"
"166","Medtr4g081270.1",1,"ATP-binding protein (Fragment)","GO:0005515","tr|G7I4E3|G7I4E3_MEDTR","MTR_1g008600","dehydration-responsive protein RD22"
"167","Medtr4g084080.1",1,"Bromo-adjacent-like (BAH) domain protein","GO:0005515","tr|G7I4E4|G7I4E4_MEDTR","MTR_1g008610","transmembrane protein, putative"
"168","Medtr4g084140.1",1,"Transmembrane protein, putative","GO:0000156,GO:0000160,GO:0006355","tr|G7I4E5|G7I4E5_MEDTR","MTR_1g008620","dehydration-responsive RD22-like protein"
"169","Medtr4g086660.1",2,"Uncharacterized protein","GO:0005515,GO:0007165","tr|G7I4E6|G7I4E6_MEDTR","MTR_1g008630","dehydration-responsive protein RD22"
"170","Medtr4g091220.1",3,"SPFH domain/band 7 family protein","GO:0003677,GO:0003682","tr|G7I4E7|G7I4E7_MEDTR","MTR_1g008640","ATP-binding; ATP-dependent helicase; DNA helicase"
"171","Medtr4g091320.1",1,"Bromo-adjacent-like (BAH) domain protein","GO:0004190,GO:0006508","tr|A0A072VDS4|A0A072VDS4_MEDTR","MTR_1g008670","bromo-adjacent-like (BAH) domain protein"
"172","Medtr4g093040.1",2,"Bromo-adjacent-like (BAH) domain protein","GO:0004129,GO:0005506,GO:0009055,GO:0009060,GO:0016021,GO:0020037,GO:0055114","tr|G7I4F0|G7I4F0_MEDTR","MTR_1g008670","transmembrane protein, putative"
"173","Medtr4g094992.1",1,"Bromo-adjacent-like (BAH) domain protein","GO:0004252,GO:0006508","tr|G7I4F1|G7I4F1_MEDTR","MTR_1g008670","hypothetical protein"
"174","Medtr4g095660.1",1,"Transmembrane protein, putative","GO:0004252,GO:0006508","tr|A0A072VD64|A0A072VD64_MEDTR","MTR_1g008675","SPFH domain/band 7 family protein"
"175","Medtr4g096900.2",0,"2-on-2 hemoglobin","GO:0005506,GO:0009055,GO:0016705,GO:0020037,GO:0055114","tr|G7I4F4|G7I4F4_MEDTR","MTR_1g008700","bromo-adjacent-like (BAH) domain protein"
"176","Medtr4g097900.1",1,"Calcium-dependent lipid-binding-like protein","GO:0004143,GO:0007205","tr|G7I522|G7I522_MEDTR","MTR_1g008710","bromo-adjacent-like (BAH) domain protein"
"177","Medtr4g099400.1",3,"NAC transcription factor-like protein","GO:0005506,GO:0015671,GO:0019825,GO:0020037","tr|G7I524|G7I524_MEDTR","MTR_1g008740","bromo-adjacent-like (BAH) domain protein"
"178","Medtr4g100600.1",3,"NAC transcription factor-like protein","GO:0003735,GO:0005622,GO:0005840,GO:0006412,GO:0019843","tr|G7I524|G7I524_MEDTR","MTR_1g008740","transmembrane protein, putative"
"179","Medtr4g104680.1",2,"Uncharacterized protein","GO:0003824,GO:0004553,GO:0005975","tr|A0A072VCI2|A0A072VCI2_MEDTR","MTR_1g008765","2-on-2 hemoglobin"
"180","Medtr4g109340.1",3,"Uncharacterized protein","GO:0004672,GO:0004674,GO:0004713,GO:0005509,GO:0005524,GO:0006468,GO:0016772","tr|A0A072VNM5|A0A072VNM5_MEDTR","MTR_1g008885","calcium-dependent lipid-binding-like protein"
"181","Medtr4g114930.1",1,"Uncharacterized protein","GO:0016491,GO:0016706,GO:0055114","tr|G7I536|G7I536_MEDTR","MTR_1g008900","NAC transcription factor-like protein"
"182","Medtr4g116277.1",7,"OST-HTH associated domain protein","GO:0000166","tr|G7I537|G7I537_MEDTR","MTR_1g008910","NAC transcription factor-like protein"
"183","Medtr4g117400.1",3,"Uncharacterized protein","GO:0003824,GO:0003825,GO:0005992","tr|G7I539|G7I539_MEDTR","MTR_1g008930","hypothetical protein"
"184","Medtr4g117960.1",3,"Elicitor-responsive-like protein","GO:0004190,GO:0006508","tr|G7I541|G7I541_MEDTR","MTR_1g008950","hypothetical protein"
"185","Medtr4g118780.1",3,"Myb transcription factor","GO:0004190,GO:0006508","tr|G7I543|G7I543_MEDTR","MTR_1g008970","hypothetical protein"
"186","Medtr4g121930.1",3,"ABC1 family protein","GO:0004190,GO:0006508","tr|G7I544|G7I544_MEDTR","MTR_1g008980","OST-HTH associated domain protein"
"187","Medtr4g126260.1",0,"BZIP transcription factor","GO:0004857,GO:0030599","tr|G7I547|G7I547_MEDTR","MTR_1g008990","hypothetical protein"
"188","Medtr4g127120.1",3,"BZIP transcription factor","GO:0003677,GO:0006355","tr|G7I545|G7I545_MEDTR","MTR_1g008990","elicitor-responsive-like protein"
"189","Medtr4g127770.1",14,"Uncharacterized protein","GO:0005515,GO:0008017","tr|G7I548|G7I548_MEDTR","MTR_1g009000","myb transcription factor"
"190","Medtr4g129470.1",14,"26S proteasome non-ATPase regulatory subunit-like protein","GO:0008152,GO:0016758","tr|G7I549|G7I549_MEDTR","MTR_1g009010","ABC1 family protein"
"191","Medtr4g129620.2",0,"26S proteasome non-ATPase regulatory subunit-like protein","GO:0003677,GO:0003682","tr|G7I549|G7I549_MEDTR","MTR_1g009010","BZIP transcription factor"
"192","Medtr5g005420.1",0,"Plant/F12B17-70 protein","GO:0003824,GO:0006281","tr|G7I551|G7I551_MEDTR","MTR_1g009030","BZIP transcription factor"
"193","Medtr5g006100.1",0,"PPR containing plant protein","GO:0003824,GO:0006281","tr|G7I552|G7I552_MEDTR","MTR_1g009040","hypothetical protein"
"194","Medtr5g007860.1",2,"F-box protein interaction domain protein","GO:0003824,GO:0006281","tr|G7I558|G7I558_MEDTR","MTR_1g009110","26S proteasome non-ATPase regulatory subunit-like protein"
"195","Medtr5g008210.1",1,"Uncharacterized protein","GO:0003824,GO:0006281","tr|G7I560|G7I560_MEDTR","MTR_1g009140","26S proteasome non-ATPase regulatory subunit-like protein"
"196","Medtr5g009530.3",1,"SAUR-like auxin-responsive family protein","GO:0003824,GO:0006281","tr|G7I561|G7I561_MEDTR","MTR_1g009150","plant/F12B17-70 protein"
"197","Medtr5g009750.1",1,"Cation transporter ChaC","GO:0000166,GO:0005515,GO:0006952,GO:0007165,GO:0017111","tr|A0A072VDS8|A0A072VDS8_MEDTR","MTR_1g009155","PPR containing plant protein"
"198","Medtr5g011050.1",0,"Peptide/nitrate transporter","GO:0000166,GO:0005515,GO:0006952,GO:0007165,GO:0017111","tr|G7I563|G7I563_MEDTR","MTR_1g009170","F-box protein interaction domain protein"
"199","Medtr5g011540.1",2,"Nucleotide-diphospho-sugar transferase-like protein","GO:0000166,GO:0005515,GO:0006952,GO:0007165,GO:0017111","tr|G7I564|G7I564_MEDTR","MTR_1g009180","hypothetical protein"
"200","Medtr5g013600.1",0,"Arabinose kinase-like protein","GO:0005515,GO:0007165","tr|G7I565|G7I565_MEDTR","MTR_1g009190","SAUR-like auxin-responsive family protein"
"201","Medtr5g014140.1",3,"LATD/NIP","GO:0006855,GO:0015238,GO:0015297,GO:0016020,GO:0055085","tr|D2IU94|D2IU94_MEDTR","MTR_1g009200","cation transporter ChaC"
"202","Medtr5g019040.1",3,"Cation transporter ChaC","GO:0005515","tr|G7I567|G7I567_MEDTR","MTR_1g009210","peptide/nitrate transporter"
"203","Medtr5g020570.1",2,"Myb/SANT-like DNA-binding domain protein","GO:0005576,GO:0009664","tr|G7I568|G7I568_MEDTR","MTR_1g009220","nucleotide-diphospho-sugar transferase-like protein"
"204","Medtr5g023290.1",14,"Extracellular ligand-gated ion channel protein","GO:0005215,GO:0006810,GO:0016020","tr|G7I570|G7I570_MEDTR","MTR_1g009230","arabinose kinase-like protein"
"205","Medtr5g025010.1",3,"LRR receptor-like kinase","GO:0005215,GO:0006810,GO:0016020","tr|G7I571|G7I571_MEDTR","MTR_1g009240","peptide/nitrate transporter plant"
"206","Medtr5g025270.1",0,"Uncharacterized protein","GO:0003677,GO:0006355","tr|G7I572|G7I572_MEDTR","MTR_1g009260","cation transporter ChaC"
"207","Medtr5g025750.1",7,"LRR receptor-like kinase","GO:0003677,GO:0006355","tr|G7I573|G7I573_MEDTR","MTR_1g009270","Myb/SANT-like DNA-binding domain protein"
"208","Medtr5g026850.1",3,"Uncharacterized protein","GO:0030001,GO:0046872","tr|G7I574|G7I574_MEDTR","MTR_1g009280","extracellular ligand-gated ion channel protein"
"209","Medtr5g028420.1",1,"Adenine nucleotide alpha hydrolase-like domain kinase","GO:0006952","tr|G7I5N8|G7I5N8_MEDTR","MTR_1g009310","LRR receptor-like kinase"
"210","Medtr5g034990.1",2,"DNA topoisomerase","GO:0008270","tr|A0A072VD72|A0A072VD72_MEDTR","MTR_1g009315","hypothetical protein"
"211","Medtr5g035080.1",2,"DNA topoisomerase","GO:0005515","tr|A0A072VE62|A0A072VE62_MEDTR","MTR_1g009315","LRR receptor-like kinase"
"212","Medtr5g041010.1",3,"DNA topoisomerase","GO:0005506,GO:0009055,GO:0016705,GO:0020037,GO:0055114","tr|G7I5R0|G7I5R0_MEDTR","MTR_1g009570","hypothetical protein"
"213","Medtr5g061880.1",2,"Rhamnose biosynthetic-like enzyme","GO:0005506,GO:0009055,GO:0016705,GO:0020037,GO:0055114","tr|G7I5R3|G7I5R3_MEDTR","MTR_1g009600","adenine nucleotide alpha hydrolase-like domain kinase"
"214","Medtr5g062310.1",1,"Viral A-type inclusion protein, putative","GO:0005506,GO:0009055,GO:0016705,GO:0020037,GO:0055114","tr|G7I5R4|G7I5R4_MEDTR","MTR_1g009610","DNA topoisomerase I, bacterial protein"
"215","Medtr5g067980.1",1,"Uncharacterized protein","GO:0005506,GO:0009055,GO:0016705,GO:0020037,GO:0055114","tr|G7I5P8|G7I5P8_MEDTR","MTR_1g009430","DNA topoisomerase I, bacterial protein"
"216","Medtr5g068770.1",2,"Transmembrane protein, putative","GO:0004497,GO:0005506,GO:0009055,GO:0016705,GO:0020037,GO:0055114","tr|G7I5P7|G7I5P7_MEDTR","MTR_1g009420","DNA topoisomerase I, bacterial protein"
"217","Medtr5g069330.3",14,"Transmembrane protein, putative","GO:0005506,GO:0009055,GO:0016705,GO:0020037,GO:0055114","tr|G7I5P6|G7I5P6_MEDTR","MTR_1g009410","rhamnose biosynthetic-like enzyme"
"218","Medtr5g070870.1",14,"Transmembrane protein, putative","GO:0005515","tr|G7I5P5|G7I5P5_MEDTR","MTR_1g009400","viral A-type inclusion protein, putative"
"219","Medtr5g071610.1",0,"WRKY family transcription factor","GO:0004252,GO:0006508","tr|A0A072VCI7|A0A072VCI7_MEDTR","MTR_1g009613","hypothetical protein"
"220","Medtr5g073930.1",14,"DEAD-box ATP-dependent RNA helicase-like protein","GO:0004672,GO:0004674,GO:0004713,GO:0005524,GO:0006468,GO:0016772","tr|A0A072VNN0|A0A072VNN0_MEDTR","MTR_1g009617","transmembrane protein, putative"
"221","Medtr5g074150.1",3,"Transmembrane protein, putative","GO:0004672,GO:0004674,GO:0004713,GO:0005524,GO:0006468,GO:0016772","tr|G7I5Q3|G7I5Q3_MEDTR","MTR_1g009490","transmembrane protein, putative"
"222","Medtr5g074690.1",1,"Cathepsin propeptide inhibitor domain protein","GO:0004672,GO:0004674,GO:0004713,GO:0005524,GO:0006468,GO:0016772","tr|G7I5Q2|G7I5Q2_MEDTR","MTR_1g009480","transmembrane protein, putative"
"223","Medtr5g077100.1",0,"Inactive purple acid phosphatase, putative","GO:0005515","tr|G7I5Q0|G7I5Q0_MEDTR","MTR_1g009460","WRKY family transcription factor"
"224","Medtr5g082130.1",7,"Shikimate kinase-like protein, putative","GO:0005515","tr|G7I5P9|G7I5P9_MEDTR","MTR_1g009450","DEAD-box ATP-dependent RNA helicase-like protein"
"225","Medtr5g083010.1",3,"Exocyst complex exo70-like protein","GO:0005515","tr|G7I5R5|G7I5R5_MEDTR","MTR_1g009620","transmembrane protein, putative"
"226","Medtr5g085520.1",1,"Uncharacterized protein","GO:0005515","tr|G7I5R6|G7I5R6_MEDTR","MTR_1g009640","cathepsin propeptide inhibitor domain protein"
"227","Medtr5g086130.1",3,"Pentatricopeptide (PPR) repeat protein","GO:0043231,GO:0051537","tr|G7I5R8|G7I5R8_MEDTR","MTR_1g009650","inactive purple acid phosphatase, putative"
"228","Medtr5g086670.1",2,"Uncharacterized protein","GO:0005515","tr|G7I5R9|G7I5R9_MEDTR","MTR_1g009660","shikimate kinase-like protein, putative"
"229","Medtr5g090150.1",14,"Zinc finger, C3HC4 type (RING finger) protein, putative","GO:0005515","tr|A0A072VDT4|A0A072VDT4_MEDTR","MTR_1g009680","exocyst complex exo70-like protein"
"230","Medtr5g099060.1",3,"Zinc finger, C3HC4 type (RING finger) protein, putative","GO:0004672,GO:0005524,GO:0006468,GO:0016772","tr|G7I5S1|G7I5S1_MEDTR","MTR_1g009680","hypothetical protein"
"231","Medtr6g005480.1",1,"Transcriptional regulator of RNA polII, SAGA, subunit","GO:0004672,GO:0005524,GO:0006468,GO:0016772","tr|G7I5S2|G7I5S2_MEDTR","MTR_1g009690","pentatricopeptide (PPR) repeat protein"
"232","Medtr6g008620.1",2,"Transcriptional regulator of RNA polII, SAGA, subunit","GO:0004672,GO:0005524,GO:0006468,GO:0016772","tr|A0A072VD77|A0A072VD77_MEDTR","MTR_1g009710","hypothetical protein"
"233","Medtr6g008690.1",2,"Plasma membrane H+-ATPase","GO:0000156,GO:0000160,GO:0006355","tr|A0A072VE68|A0A072VE68_MEDTR","MTR_1g009720","zinc finger, C3HC4 type (RING finger) protein, putative"
"234","Medtr6g009090.1",0,"Plasma membrane H+-ATPase, putative","GO:0005515","tr|A0A072VCJ3|A0A072VCJ3_MEDTR","MTR_1g009740","zinc finger, C3HC4 type (RING finger) protein, putative"
"235","Medtr6g011320.1",0,"Peroxidase","GO:0016491,GO:0016706,GO:0055114","tr|A0A072VNN6|A0A072VNN6_MEDTR","MTR_1g009750","transcriptional regulator of RNA polII, SAGA, subunit"
"236","Medtr6g015320.1",3,"Peroxidase","GO:0005515","tr|A0A072VDU0|A0A072VDU0_MEDTR","MTR_1g009750","transcriptional regulator of RNA polII, SAGA, subunit"
"237","Medtr6g016840.1",3,"Plasma membrane H+-ATPase","GO:0005515","tr|A0A072VE74|A0A072VE74_MEDTR","MTR_1g009760","plasma membrane H+-ATPase"
"238","Medtr6g021530.1",2,"Plasma membrane H+-ATPase","GO:0005515","tr|A0A072VD84|A0A072VD84_MEDTR","MTR_1g009760","H(+)-ATPase, putative"
"239","Medtr6g023580.1",1,"C2H2-type zinc finger protein","GO:0003723,GO:0003735,GO:0005622,GO:0006412,GO:0015934","tr|A0A072VCJ8|A0A072VCJ8_MEDTR","MTR_1g009770","plasma membrane H+-ATPase, putative"
"240","Medtr6g042030.1",7,"Uncharacterized protein","GO:0005506,GO:0009055,GO:0016705,GO:0020037,GO:0055114","tr|I3S7F1|I3S7F1_MEDTR","MTR_1g009780","class III peroxidase"
"241","Medtr6g072540.1",1,"DUF1644 family protein","GO:0005515","tr|A0A072VD90|A0A072VD90_MEDTR","MTR_1g009790","class III peroxidase"
"242","Medtr6g072710.1",0,"DUF1644 family protein","GO:0003824,GO:0005975","tr|A0A072VDU4|A0A072VDU4_MEDTR","MTR_1g009790","plasma membrane H+-ATPase"
"243","Medtr6g074640.1",1,"DUF1644 family protein","GO:0003824,GO:0005975","tr|A0A072VD90|A0A072VD90_MEDTR","MTR_1g009790","plasma membrane H+-ATPase"
"244","Medtr6g075290.1",0,"DUF1644 family protein","GO:0003824,GO:0005975","tr|A0A072VDU4|A0A072VDU4_MEDTR","MTR_1g009790","C2H2-type zinc finger protein"
"245","Medtr6g079380.1",0,"DUF1644 family protein","GO:0003824,GO:0005975","tr|A0A072VD90|A0A072VD90_MEDTR","MTR_1g009790","hypothetical protein"
"246","Medtr6g082180.1",3,"DUF1644 family protein","GO:0003824,GO:0004553,GO:0005975","tr|A0A072VD90|A0A072VD90_MEDTR","MTR_1g009790","DUF1644 family protein"
"247","Medtr6g084590.1",2,"Uncharacterized protein","GO:0003824,GO:0004553,GO:0005975","tr|A0A072VE79|A0A072VE79_MEDTR","MTR_1g009820","DUF1644 family protein"
"248","Medtr6g088500.1",7,"Uncharacterized protein","GO:0003824,GO:0004553,GO:0005975","tr|A0A072VCK3|A0A072VCK3_MEDTR","MTR_1g009830","DUF1644 family protein"
"249","Medtr6g093060.1",0,"Plastid developmental protein DAG","GO:0003677,GO:0003682","tr|A0A072VNP7|A0A072VNP7_MEDTR","MTR_1g009840","DUF1644 family protein"
"250","Medtr7g022870.1",2,"Phosphoenolpyruvate carboxylase","GO:0016020,GO:0022891,GO:0055085","tr|A0A072VDV1|A0A072VDV1_MEDTR","MTR_1g009850","DUF1644 family protein"
"251","Medtr7g024580.1",7,"Serine/Threonine kinase, ABC1 family protein","GO:0005488","tr|A0A072VE85|A0A072VE85_MEDTR","MTR_1g009860","DUF1644 family protein"
"252","Medtr7g027960.1",2,"Serine/Threonine kinase, ABC1 family protein","GO:0005515","tr|A0A072VD99|A0A072VD99_MEDTR","MTR_1g009860","hypothetical protein"
"253","Medtr7g033775.1",0,"Replication protein A 32 kDa subunit-like protein","GO:0006952","tr|A0A072VCK7|A0A072VCK7_MEDTR","MTR_1g009890","hypothetical protein"
"254","Medtr7g034395.1",3,"Flowering-promoting factor-like protein","GO:0006952","tr|A0A072VNQ2|A0A072VNQ2_MEDTR","MTR_1g009900","plastid developmental protein DAG"
"255","Medtr7g037720.1",0,"Fasciclin-like arabinogalactan protein","GO:0006952","tr|A0A072VDV7|A0A072VDV7_MEDTR","MTR_1g009910","phosphoenolpyruvate carboxylase"
"256","Medtr7g051910.1",2,"Fasciclin domain protein","GO:0006952","tr|A0A072VDA4|A0A072VDA4_MEDTR","MTR_1g009920","Serine/Threonine kinase, ABC1 family protein"
"257","Medtr7g052230.1",0,"Fasciclin domain protein","GO:0005515,GO:0008270","tr|A0A072VE92|A0A072VE92_MEDTR","MTR_1g009940","Serine/Threonine kinase, ABC1 family protein"
"258","Medtr7g061550.1",7,"Fasciclin domain protein","GO:0005515,GO:0008270","tr|A0A072VCL3|A0A072VCL3_MEDTR","MTR_1g009950","replication protein A 32 kDa subunit-like protein"
"259","Medtr7g062250.1",2,"Core-2/I-branching enzyme","GO:0016772","tr|A0A072VNQ8|A0A072VNQ8_MEDTR","MTR_1g009960","flowering-promoting factor-like protein"
"260","Medtr7g070510.1",3,"Core-2/I-branching enzyme","GO:0006952","tr|A0A072VDW2|A0A072VDW2_MEDTR","MTR_1g009960","fasciclin-like arabinogalactan protein"
"261","Medtr7g074820.1",2,"Uncharacterized protein","GO:0006952","tr|A0A072VDB0|A0A072VDB0_MEDTR","MTR_1g009970","fasciclin domain protein"
"262","Medtr7g076220.1",3,"Plastid lipid-associated protein","GO:0000166,GO:0006952,GO:0017111","tr|A0A072VE99|A0A072VE99_MEDTR","MTR_1g009980","fasciclin domain protein"
"263","Medtr7g076707.1",0,"Uncharacterized protein","GO:0004672,GO:0004674,GO:0004713,GO:0005524,GO:0006468,GO:0016772","tr|A0A072VCL9|A0A072VCL9_MEDTR","MTR_1g009990","fasciclin domain protein"
"264","Medtr7g077900.1",0,"SPOUT methyltransferase, putative","GO:0005515,GO:0007165","tr|A0A072VNR3|A0A072VNR3_MEDTR","MTR_1g010000","core-2/I-branching enzyme"
"265","Medtr7g078070.1",1,"Transmembrane protein, putative","GO:0006886","tr|A0A072VDW8|A0A072VDW8_MEDTR","MTR_1g010010","core-2/I-branching enzyme"
"266","Medtr7g081665.1",3,"PPR containing plant-like protein","GO:0006869,GO:0008289","tr|A0A072VEA6|A0A072VEA6_MEDTR","MTR_1g010020","hypothetical protein"
"267","Medtr7g083575.1",0,"PPR containing plant-like protein","GO:0005515,GO:0005634,GO:0008270,GO:0018024","tr|A0A072VDB6|A0A072VDB6_MEDTR","MTR_1g010020","plastid lipid-associated protein"
"268","Medtr7g084880.1",0,"Pre-mRNA-splicing factor ATP-dependent RNA helicase DHX16, putative","GO:0003677","tr|A0A072VNR9|A0A072VNR9_MEDTR","MTR_1g010030","hypothetical protein"
"269","Medtr7g085820.1",1,"Pre-mRNA-splicing factor ATP-dependent RNA helicase DHX16, putative","GO:0004672,GO:0004713,GO:0005524,GO:0006468,GO:0016772","tr|A0A072VCM5|A0A072VCM5_MEDTR","MTR_1g010030","SPOUT methyltransferase, putative"
"270","Medtr7g086420.1",3,"Ubiquitin carboxyl-terminal hydrolase","GO:0004672,GO:0004674,GO:0004713,GO:0005524,GO:0006468,GO:0016772","tr|A0A072VDC3|A0A072VDC3_MEDTR","MTR_1g010040","transmembrane protein, putative"
"271","Medtr7g086660.1",1,"Ubiquitin carboxyl-terminal hydrolase","GO:0004014,GO:0008295","tr|A0A072VDX4|A0A072VDX4_MEDTR","MTR_1g010040","PPR containing plant-like protein"
"272","Medtr7g086690.1",2,"GGL domain protein","GO:0008152,GO:0016758","tr|A0A072VCN1|A0A072VCN1_MEDTR","MTR_1g010050","PPR containing plant-like protein"
"273","Medtr7g098370.1",1,"GGL domain protein","GO:0008152,GO:0016758","tr|A0A072VNS6|A0A072VNS6_MEDTR","MTR_1g010050","pre-mRNA-splicing factor ATP-dependent RNA helicase DHX16, putative"
"274","Medtr7g098410.1",2,"GGL domain protein","GO:0008152,GO:0016758","tr|A0A072VEB2|A0A072VEB2_MEDTR","MTR_1g010050","pre-mRNA-splicing factor ATP-dependent RNA helicase DHX16, putative"
"275","Medtr7g098980.1",0,"GGL domain protein","GO:0008168","tr|A0A072VCN1|A0A072VCN1_MEDTR","MTR_1g010050","ubiquitin carboxyl-terminal hydrolase"
"276","Medtr7g100570.1",0,"16S rRNA (Cytosine(1402)-N(4))-methyltransferase","GO:0003723","tr|A0A072VDX8|A0A072VDX8_MEDTR","MTR_1g010070","ubiquitin carboxyl-terminal hydrolase"
"277","Medtr7g103210.1",1,"DUF1997 family protein","GO:0003735,GO:0005622,GO:0005840,GO:0006412,GO:0015935","tr|A0A072VDC9|A0A072VDC9_MEDTR","MTR_1g010080","GGL domain protein"
"278","Medtr7g104330.1",3,"DUF1997 family protein","GO:0008137,GO:0042773,GO:0055114","tr|A0A072VEB9|A0A072VEB9_MEDTR","MTR_1g010080","GGL domain protein"
"279","Medtr7g106190.1",1,"DUF1997 family protein","GO:0008137,GO:0042773,GO:0055114","tr|A0A072VDC9|A0A072VDC9_MEDTR","MTR_1g010080","GGL domain protein"
"280","Medtr7g106440.1",2,"DUF1997 family protein","GO:0004129,GO:0015002,GO:0016020,GO:0022904","tr|A0A072VDC9|A0A072VDC9_MEDTR","MTR_1g010080","GGL domain protein"
"281","Medtr7g109280.1",3,"Uncharacterized protein","GO:0016020,GO:0055114","tr|A0A072VCN6|A0A072VCN6_MEDTR","MTR_1g010090","16S rRNA (cytosine(1402)-N(4))-methyltransferase"
"282","Medtr7g109800.1",0,"Pre-mRNA-splicing factor cwc-21, putative","GO:0004866","tr|A0A072VNT0|A0A072VNT0_MEDTR","MTR_1g010100","DUF1997 family protein"
"283","Medtr7g112350.1",1,"Transmembrane protein, putative","GO:0020037","tr|A0A072VDY4|A0A072VDY4_MEDTR","MTR_1g010110","DUF1997 family protein"
"284","Medtr7g112360.1",7,"Glucan endo-1,3-beta-glucosidase-like protein","GO:0046982","tr|A0A072VDD5|A0A072VDD5_MEDTR","MTR_1g010120","DUF1997 family protein"
"285","Medtr7g112490.2",14,"Endonuclease V-like protein","GO:0051087","tr|A0A072VCP1|A0A072VCP1_MEDTR","MTR_1g010130","DUF1997 family protein"
"286","Medtr8g006955.1",0,"Endonuclease V-like protein","GO:0005515","tr|A0A072VEC5|A0A072VEC5_MEDTR","MTR_1g010130","hypothetical protein"
"287","Medtr8g007065.1",3,"Endonuclease V-like protein","GO:0016813,GO:0046872","tr|A0A072VEC5|A0A072VEC5_MEDTR","MTR_1g010130","pre-mRNA-splicing factor cwc-21, putative"
"288","Medtr8g010330.1",14,"Endonuclease V-like protein","GO:0004672,GO:0004674,GO:0004713,GO:0005515,GO:0005524,GO:0006468,GO:0016772","tr|A0A072VNT6|A0A072VNT6_MEDTR","MTR_1g010130","transmembrane protein, putative"
"289","Medtr8g012340.1",14,"DUF581 family protein","GO:0004672,GO:0004674,GO:0004713,GO:0005515,GO:0005524,GO:0006468,GO:0016772","tr|A0A072VDY8|A0A072VDY8_MEDTR","MTR_1g010140","glucan endo-1,3-beta-glucosidase-like protein"
"290","Medtr8g012805.1",0,"CHY and CTCHY and RING-type zinc finger protein","GO:0004672,GO:0004674,GO:0004713,GO:0005515,GO:0005524,GO:0006468,GO:0016772","tr|A0A072VDE2|A0A072VDE2_MEDTR","MTR_1g010150","endonuclease V-like protein"
"291","Medtr8g014080.1",0,"Uncharacterized protein","GO:0004672,GO:0004674,GO:0004713,GO:0005515,GO:0005524,GO:0006468,GO:0016772","tr|A0A072VED0|A0A072VED0_MEDTR","MTR_1g010170","endonuclease V-like protein"
"292","Medtr8g014730.1",2,"Transmembrane protein, putative","GO:0003677,GO:0003682","tr|A0A072VCP6|A0A072VCP6_MEDTR","MTR_1g010180","endonuclease V-like protein"
"293","Medtr8g018510.1",0,"Transmembrane protein, putative","GO:0005515","tr|A0A072VNU2|A0A072VNU2_MEDTR","MTR_1g010190","endonuclease V-like protein"
"294","Medtr8g019450.1",2,"Sulfate transporter-like protein","GO:0005515","tr|A0A072VDZ3|A0A072VDZ3_MEDTR","MTR_1g010210","DUF581 family protein"
"295","Medtr8g020690.1",3,"Wall-associated receptor kinase-like protein","GO:0005515","tr|A0A072VDE9|A0A072VDE9_MEDTR","MTR_1g010220","CHY and CTCHY and RING-type zinc finger protein"
"296","Medtr8g021230.1",3,"Wall-associated receptor kinase galacturonan-binding protein","GO:0004866","tr|A0A072VED7|A0A072VED7_MEDTR","MTR_1g010230","hypothetical protein"
"297","Medtr8g027755.1",0,"Wall associated kinase-like protein, putative","GO:0005622,GO:0008270","tr|A0A072VCQ2|A0A072VCQ2_MEDTR","MTR_1g010240","transmembrane protein, putative"
"298","Medtr8g036195.1",1,"Wall-associated receptor kinase-like protein, putative","GO:0005515","tr|A0A072VNU8|A0A072VNU8_MEDTR","MTR_1g010250","transmembrane protein, putative"
"299","Medtr8g039620.1",0,"Wall-associated receptor kinase-like protein","GO:0005515","tr|A0A072VDZ8|A0A072VDZ8_MEDTR","MTR_1g010260","sulfate transporter-like protein"
"300","Medtr8g042000.1",1,"Sulfate transporter-like protein","GO:0005515","tr|A0A072VDF4|A0A072VDF4_MEDTR","MTR_1g010270","wall-associated receptor kinase-like protein"
"301","Medtr8g042440.1",0,"ArfGap/RecO-like zinc finger protein, putative","GO:0005515","tr|A0A072VEE4|A0A072VEE4_MEDTR","MTR_1g010280","wall-associated receptor kinase galacturonan-binding protein"
"302","Medtr8g042660.1",0,"Enhancer of polycomb-like transcription factor protein","GO:0003824,GO:0004553,GO:0005975","tr|A0A072VCQ8|A0A072VCQ8_MEDTR","MTR_1g010290","wall associated kinase-like protein, putative"
"303","Medtr8g043970.1",0,"Embryo defective 2410 protein","GO:0003824,GO:0005975","tr|A0A072VNV3|A0A072VNV3_MEDTR","MTR_1g010300","wall-associated receptor kinase-like protein, putative"
"304","Medtr8g052120.1",2,"CTC-interacting domain protein, putative","GO:0003824,GO:0004553,GO:0005975","tr|A0A072VE04|A0A072VE04_MEDTR","MTR_1g011280","wall-associated receptor kinase-like protein"
"305","Medtr8g056900.1",1,"CTC-interacting domain protein, putative","GO:0003824,GO:0004553,GO:0005975","tr|G7I5S9|G7I5S9_MEDTR","MTR_1g011280","sulfate transporter-like protein"
"306","Medtr8g057697.1",0,"Nodule Cysteine-Rich (NCR) secreted peptide","GO:0003824,GO:0005975","tr|A0A072VDG0|A0A072VDG0_MEDTR","MTR_1g010310","ArfGap/RecO-like zinc finger protein, putative"
"307","Medtr8g059435.1",14,"Nodule Cysteine-Rich (NCR) secreted peptide","GO:0003677,GO:0003824,GO:0004518,GO:0006281,GO:0016788","tr|G7I5S5|G7I5S5_MEDTR","MTR_1g011245","enhancer of polycomb-like transcription factor protein"
"308","Medtr8g064610.1",2,"Uncharacterized protein","GO:0005515","tr|G7I5S6|G7I5S6_MEDTR","MTR_1g011250","embryo defective 2410 protein"
"309","Medtr8g065740.1",0,"Membrane protein Ycf1","GO:0005515","tr|G7I5S7|G7I5S7_MEDTR","MTR_1g011260","CTC-interacting domain protein, putative"
"310","Medtr8g066310.1",1,"Uncharacterized protein","GO:0005515","tr|G7I5S4|G7I5S4_MEDTR","MTR_1g011200","CTC-interacting domain protein, putative"
"311","Medtr8g066740.1",0,"Uncharacterized protein","GO:0003700,GO:0006355,GO:0043565","tr|G7I5T2|G7I5T2_MEDTR","MTR_1g011320","Nodule Cysteine-Rich (NCR) secreted peptide"
"312","Medtr8g069240.1",14,"Transmembrane protein, putative","GO:0005576,GO:0019953","tr|G7I5T4|G7I5T4_MEDTR","MTR_1g011340","Nodule Cysteine-Rich (NCR) secreted peptide"
"313","Medtr8g069390.1",2,"Uncharacterized protein (Fragment)","GO:0003677,GO:0046983","tr|A0A072VEF0|A0A072VEF0_MEDTR","MTR_1g011357","hypothetical protein"
"314","Medtr8g070510.2",0,"Uncharacterized protein","GO:0003677,GO:0046983","tr|G7I5T6|G7I5T6_MEDTR","MTR_1g011360","membrane protein Ycf1"
"315","Medtr8g073130.1",0,"Zinc finger, C3HC4 type (RING finger) protein","GO:0005576,GO:0019953","tr|G7I5T7|G7I5T7_MEDTR","MTR_1g011380","hypothetical protein"
"316","Medtr8g077830.1",0,"F-box/RNI/FBD-like domain protein","GO:0005576,GO:0019953","tr|G7I5T8|G7I5T8_MEDTR","MTR_1g011400","hypothetical protein"
"317","Medtr8g079472.1",0,"F-box/RNI/FBD-like domain protein","GO:0003677,GO:0003682","tr|G7I5T9|G7I5T9_MEDTR","MTR_1g011410","transmembrane protein, putative"
"318","Medtr8g080280.1",2,"Nodule Cysteine-Rich (NCR) secreted peptide","GO:0003677,GO:0003682","tr|A0A072VCR5|A0A072VCR5_MEDTR","MTR_1g011415","hypothetical protein"
"319","Medtr8g081040.1",3,"F-box/RNI/FBD-like domain protein","GO:0003700,GO:0006355,GO:0043565","tr|G7I5U1|G7I5U1_MEDTR","MTR_1g011430","hypothetical protein"
"320","Medtr8g083530.1",2,"DUF223 domain protein","GO:0005515","tr|G7I6A6|G7I6A6_MEDTR","MTR_1g011440","zinc finger, C3HC4 type (RING finger) protein"
"321","Medtr8g086050.1",0,"Protein phosphatase 2A regulatory B subunit family protein","GO:0005515","tr|G7I6A8|G7I6A8_MEDTR","MTR_1g011460","F-box/RNI/FBD-like domain protein"
"322","Medtr8g087590.1",0,"Carboxy-terminal domain cyclin","GO:0005515","tr|G7I6A9|G7I6A9_MEDTR","MTR_1g011470","F-box/RNI/FBD-like domain protein"
"323","Medtr8g088760.1",2,"DUF223 domain protein","GO:0005515","tr|G7I6B1|G7I6B1_MEDTR","MTR_1g011490","Nodule Cysteine-Rich (NCR) secreted peptide"
"324","Medtr8g098510.1",0,"2Fe-2S iron-sulfur cluster-binding domain protein","GO:0003723,GO:0033897","tr|G7I6B2|G7I6B2_MEDTR","MTR_1g011510","F-box/RNI/FBD-like domain protein"
"325","Medtr8g099665.1",14,"PPR containing plant-like protein","GO:0003700,GO:0006355,GO:0043565","tr|G7I6B3|G7I6B3_MEDTR","MTR_1g011520","DUF223 domain protein"
"326","Medtr8g105560.1",14,"Pyruvate decarboxylase, putative","GO:0006952","tr|G7I6B4|G7I6B4_MEDTR","MTR_1g011530","protein phosphatase 2A regulatory B subunit family protein"
"327","Medtr8g106820.1",1,"Leghemoglobin Lb120-1","GO:0006952","tr|G7I6B5|G7I6B5_MEDTR","MTR_1g011540","carboxy-terminal domain cyclin"
"328","Medtr8g466240.1",0,"Gibberellin 2-beta-dioxygenase","GO:0005515","tr|G7I6B9|G7I6B9_MEDTR","MTR_1g011580","DUF223 domain protein"
"329","Medtr8g468210.1",3,"2-oxoglutarate-dependent dioxygenase","GO:0005198","tr|G7I6C0|G7I6C0_MEDTR","MTR_1g011600","2Fe-2S iron-sulfur cluster-binding domain protein"
